ID,t,logFC,adj.P.Val
HGNC:16499,-12.76845623,-0.642564774,0.008253671
HGNC:14893,-12.05181064,-0.61153454,0.008253671
HGNC:28680,-11.67771185,-0.847932549,0.008253671
HGNC:11393,9.900219228,0.481174155,0.01983937
HGNC:11059,-9.749562509,-0.771947211,0.01983937
HGNC:4012,-9.243132668,-0.407611865,0.020068154
HGNC:23131,-8.729665809,-0.410669902,0.022188909
HGNC:13110,8.71348823,0.732742195,0.022188909
HGNC:4827,8.706989721,1.897846433,0.022188909
HGNC:6552,8.681479137,0.44485512,0.022188909
HGNC:49621,-8.545664508,-0.483415466,0.022188909
HGNC:2188,-8.537947725,-0.379174983,0.022188909
HGNC:753,-8.510371919,-1.068366072,0.022188909
HGNC:37197,8.285026359,0.615319234,0.023598575
HGNC:8554,-8.285515708,-0.378202805,0.023598575
HGNC:3071,-8.122122697,-0.391941795,0.024281076
HGNC:1583,-8.029512916,-0.538311838,0.024281076
HGNC:18906,-7.990068015,-0.366617607,0.024281076
HGNC:6452,-7.948629488,-0.401597594,0.024281076
HGNC:21094,-7.850569091,-0.364371031,0.024281076
HGNC:26644,7.827230245,1.659088153,0.024281076
HGNC:443,7.790561301,0.6110496,0.024281076
HGNC:41274,7.752647497,0.376234334,0.024281076
HGNC:18874,7.753282792,0.370076278,0.024281076
HGNC:5185,-7.734437124,-0.40092667,0.024281076
HGNC:29990,-7.711145111,-0.412177787,0.024281076
HGNC:17880,7.678970565,0.47853746,0.024281076
HGNC:16404,7.662301421,0.344812468,0.024281076
HGNC:22974,-7.617110528,-0.406417737,0.024281076
HGNC:24649,7.598258414,0.48288865,0.024281076
HGNC:12457,-7.585722303,-0.456041199,0.024281076
HGNC:6241,-7.491262752,-0.393443559,0.025147136
HGNC:18835,7.381703667,0.34221646,0.026603914
HGNC:24724,7.377884228,0.407950118,0.026603914
HGNC:29580,7.340299279,0.399473946,0.027136679
HGNC:16391,7.319645796,0.48822193,0.027183568
HGNC:11056,-7.294603056,-0.573808985,0.027376296
HGNC:11546,7.20754416,0.338550817,0.027619403
HGNC:5429,7.197819745,0.316444653,0.027619403
HGNC:10816,7.175470985,0.730610385,0.027619403
HGNC:20746,-7.14272125,-0.411251373,0.027619403
HGNC:29571,7.130693205,0.463810699,0.027619403
HGNC:12992,7.086596689,0.416823125,0.027619403
HGNC:22429,-7.086249654,-0.419450956,0.027619403
HGNC:16830,-7.0666211,-0.307877208,0.027619403
HGNC:4667,7.015574422,0.328168569,0.027619403
HGNC:2032,-6.98942869,-0.295807333,0.027619403
HGNC:1136,6.949396357,0.312084774,0.027876909
HGNC:25948,-6.946660696,-0.286596955,0.027876909
HGNC:24166,-6.937055334,-0.374374951,0.027876909
HGNC:6062,6.829452685,0.532412567,0.030047974
HGNC:5360,6.821633745,0.348341145,0.030047974
HGNC:16400,-6.788469637,-0.329320709,0.030047974
HGNC:24944,-6.78471477,-0.854044225,0.030047974
HGNC:51634,6.779294368,0.478949319,0.030047974
HGNC:8864,6.756092867,0.642618891,0.030184913
HGNC:11657,6.730278779,0.378337479,0.030736088
HGNC:16263,-6.713086382,-0.318892258,0.030988939
HGNC:28313,6.685655143,0.775520058,0.031107395
HGNC:12680,-6.669122906,-0.415070059,0.031107395
HGNC:6933,-6.666341845,-0.323030303,0.031107395
HGNC:26006,-6.660735593,-0.280547943,0.031107395
HGNC:3233,-6.6118895,-0.307452738,0.032592476
HGNC:44478,6.587511629,0.343189749,0.032919165
HGNC:8821,6.571692991,0.364777324,0.032919165
HGNC:2376,6.561692858,0.341642099,0.032919165
HGNC:4419,6.553685108,0.392629052,0.032919165
HGNC:7434,-6.525322722,-0.572386286,0.033184881
HGNC:13447,-6.47350243,-0.440236143,0.033615999
HGNC:5156,6.468972059,0.381074685,0.033615999
HGNC:14623,6.455229819,0.312919316,0.033615999
HGNC:1837,-6.451687858,-0.54905536,0.033615999
HGNC:12476,6.444192209,0.532738515,0.033615999
HGNC:3649,6.433325687,0.503352748,0.033615999
HGNC:26777,-6.432020848,-0.519096056,0.033615999
HGNC:15867,6.394830558,0.284780589,0.033615999
HGNC:10959,-6.394018702,-0.279986664,0.033615999
HGNC:10504,6.378925658,1.286389971,0.033615999
HGNC:17185,-6.374095884,-0.337950226,0.033615999
HGNC:30704,6.370785435,0.428853532,0.033615999
HGNC:34451,6.356677953,0.442481398,0.033615999
HGNC:13045,6.352077344,0.489275518,0.033615999
HGNC:17038,-6.339675696,-0.488676632,0.033615999
HGNC:4010,-6.335779268,-0.288777326,0.033615999
HGNC:1856,6.325609858,0.257182706,0.033615999
HGNC:19197,-6.315109883,-0.289780154,0.033615999
HGNC:1628,6.31361259,1.003878372,0.033615999
HGNC:25736,6.288301385,0.867432331,0.034399779
HGNC:8725,-6.258525986,-0.666577418,0.035367167
HGNC:7585,6.251001023,0.541936807,0.035367167
HGNC:9059,-6.242172074,-0.328596481,0.035367167
HGNC:17427,-6.231237522,-0.258955218,0.035367167
HGNC:25122,6.229049152,0.270332401,0.035367167
HGNC:13014,-6.227975724,-0.334901812,0.035367167
HGNC:11046,6.189048186,0.355106565,0.036269561
HGNC:13156,6.180275858,0.286685004,0.036269561
HGNC:12805,-6.172739543,-0.290231282,0.036269561
HGNC:24036,-6.17173643,-0.292047701,0.036269561
HGNC:33858,6.14574348,0.360184302,0.037088123
HGNC:6849,-6.139989416,-0.256077723,0.037088123
HGNC:10023,6.130541624,0.413893476,0.037088123
HGNC:24190,-6.125225936,-0.348133996,0.037088123
HGNC:17879,6.110644682,0.609672722,0.037290821
HGNC:27739,-6.075938496,-0.322559858,0.037290821
HGNC:14434,6.070083636,0.73136245,0.037290821
HGNC:24563,6.0678806,0.402607683,0.037290821
HGNC:7895,-6.067834549,-0.28309602,0.037290821
HGNC:29607,-6.067724121,-0.256799899,0.037290821
HGNC:8583,-6.058007765,-0.310857067,0.037290821
HGNC:28053,-6.056044883,-0.289128662,0.037290821
HGNC:29263,6.054297888,0.897916519,0.037290821
HGNC:7861,-6.045452139,-0.705231605,0.037290821
HGNC:28228,6.036297939,0.313565284,0.037290821
HGNC:17814,6.023858971,0.388490205,0.037409614
HGNC:3508,6.010175893,0.408224812,0.037561348
HGNC:17182,6.001528908,0.358331657,0.037561348
HGNC:10038,5.995815026,0.416096747,0.037561348
HGNC:77,-5.988866418,-0.254154744,0.037561348
HGNC:53227,5.982276093,0.308050215,0.037561348
HGNC:13309,5.980313809,1.008115796,0.037561348
HGNC:11509,-5.978361567,-0.322781617,0.037561348
HGNC:24240,5.972356704,0.613594319,0.037561348
HGNC:44308,5.972327151,0.398044126,0.037561348
HGNC:745,-5.971630593,-0.250577636,0.037561348
HGNC:905,-5.968269441,-0.340029845,0.037561348
HGNC:25112,5.957208069,0.332864018,0.037661831
HGNC:36796,5.922153355,0.560999467,0.038900637
HGNC:21785,5.914890526,0.268800228,0.038900637
HGNC:20655,5.908338002,0.663860279,0.038900637
HGNC:1493,-5.902571258,-0.266965024,0.038900637
HGNC:32434,5.902211615,0.362920667,0.038900637
HGNC:27801,5.889417722,0.266883223,0.038900637
HGNC:7114,5.880614144,0.30086373,0.039057509
HGNC:12881,5.864624922,0.463538866,0.039439762
HGNC:24055,5.857124066,0.266824688,0.039609393
HGNC:533,-5.842535133,-0.371879654,0.040145227
HGNC:17107,5.834319154,0.587074209,0.040358183
HGNC:30885,5.809832733,0.530680523,0.041433688
HGNC:16885,-5.802569676,-0.300095728,0.041456352
HGNC:25597,5.801338286,0.42253643,0.041456352
HGNC:12801,-5.795192558,-0.267104345,0.041571359
HGNC:8556,-5.779893825,-0.245914137,0.042124467
HGNC:2279,5.777042599,0.427614984,0.042124467
HGNC:32019,-5.763755517,-0.269833842,0.042272661
HGNC:20498,-5.762606934,-0.269328215,0.042272661
HGNC:43684,5.749962279,0.270970571,0.042456484
HGNC:19417,-5.746474898,-0.272835088,0.042456484
HGNC:13168,5.744300101,0.467761583,0.042456484
HGNC:553,-5.722740184,-0.345000263,0.04305153
HGNC:8933,-5.721947661,-0.287368716,0.04305153
HGNC:12692,-5.710736336,-0.367430623,0.043399364
HGNC:26138,5.7074918,0.598766719,0.043399364
HGNC:26358,5.704679339,1.127034853,0.043399364
HGNC:29145,5.697685741,0.334503467,0.043588685
HGNC:4783,-5.678450628,-0.246924669,0.044240836
HGNC:9889,5.666152961,0.378649828,0.044240836
HGNC:30829,-5.664693119,-0.331380387,0.044240836
HGNC:13931,5.643892608,0.239244479,0.044240836
HGNC:14620,-5.614642891,-0.24438553,0.045769228
HGNC:30045,-5.606266468,-0.231275635,0.045929926
HGNC:31045,-5.591254658,-0.275950375,0.046026748
HGNC:10521,5.590557302,0.57320978,0.046026748
HGNC:2605,5.589189401,0.576986189,0.046026748
HGNC:4784,-5.584391188,-0.263263962,0.046026748
HGNC:11005,-5.578017038,-0.24834072,0.046171823
HGNC:2357,5.571219455,0.305578706,0.046254201
HGNC:5330,-5.568250249,-0.355309544,0.046254201
HGNC:21091,5.566955661,0.32304198,0.046254201
HGNC:9508,5.557909579,0.297441156,0.04641652
HGNC:4212,-5.545657013,-0.373386272,0.046781768
HGNC:31988,5.540516411,0.318813456,0.046782252
HGNC:18709,-5.536952993,-0.283685991,0.046782252
HGNC:25708,-5.530628784,-0.231887969,0.04693882
HGNC:29455,-5.525963671,-0.382116076,0.047037137
HGNC:16939,5.492520587,0.333377654,0.048581683
HGNC:25932,5.488908264,0.822418251,0.04861953
HGNC:8790,5.483457403,0.411254424,0.04877786
HGNC:862,5.479198271,0.29578376,0.048849711
HGNC:4880,-5.475200745,-0.227941949,0.048849711
HGNC:30571,5.473389953,0.357590887,0.048849711
HGNC:9655,-5.445894727,-0.233487989,0.050246156
HGNC:25393,-5.442250958,-0.22704004,0.050246156
HGNC:24002,5.438070303,0.297514623,0.050246156
HGNC:31853,5.437737871,0.24171893,0.050246156
HGNC:16381,-5.436502772,-0.269736815,0.050246156
HGNC:19008,5.433739436,0.371191177,0.050246156
HGNC:29227,-5.428182989,-0.32755275,0.050246156
HGNC:978,5.420352027,0.302686178,0.050446634
HGNC:4037,-5.416619155,-0.322077185,0.050507624
HGNC:26349,5.410376087,0.28174219,0.050740563
HGNC:5253,-5.40099608,-0.316762344,0.051191352
HGNC:33114,-5.396969716,-0.347794243,0.051276241
HGNC:52715,-5.389758141,-0.428289231,0.051583126
HGNC:9577,-5.384587572,-0.270769915,0.051594006
HGNC:16650,5.38209139,0.277528576,0.051594006
HGNC:20509,5.381318292,0.219874715,0.051594006
HGNC:26211,5.373098363,0.268766299,0.051815382
HGNC:28273,-5.372680458,-0.380634094,0.051815382
HGNC:13043,-5.363709346,-0.278274041,0.052112035
HGNC:16668,-5.361947333,-0.307658512,0.052112035
HGNC:11183,5.35926982,0.304402761,0.052112035
HGNC:19056,5.357657085,0.311222415,0.052112035
HGNC:1441,-5.342082672,-0.240283088,0.052839652
HGNC:1834,-5.325714605,-0.556200709,0.053250491
HGNC:24717,5.322191243,0.224114982,0.053250491
HGNC:26191,-5.321970279,-0.261057795,0.053250491
HGNC:24044,5.320632059,0.259109902,0.053250491
HGNC:16388,-5.312443728,-0.323189708,0.053324406
HGNC:775,5.310911509,0.407454389,0.053324406
HGNC:11891,5.310629994,0.295653765,0.053324406
HGNC:22423,5.301980787,1.077443829,0.053324406
HGNC:21225,5.298953149,0.370190271,0.053324406
HGNC:20811,5.297788024,0.393946459,0.053324406
HGNC:3973,-5.282443894,-0.247000125,0.053999273
HGNC:13867,-5.279537775,-0.2711422,0.054030542
HGNC:19667,5.272033864,0.24995945,0.054140011
HGNC:11695,5.270664161,0.445697807,0.054140011
HGNC:13001,5.265121925,0.254486919,0.054369466
HGNC:1550,-5.256606043,-0.359410273,0.054641596
HGNC:32308,5.24038112,0.472031412,0.055500679
HGNC:3288,-5.231498903,-0.365906634,0.055996019
HGNC:28722,-5.211924617,-0.237030493,0.056839325
HGNC:9787,5.207328371,0.25499274,0.056951089
HGNC:42874,-5.189618469,-0.25979537,0.057612005
HGNC:32032,5.185222255,0.318336537,0.057618597
HGNC:1528,5.1849246,0.244712879,0.057618597
HGNC:21155,5.17406935,0.491179251,0.05779857
HGNC:17585,5.173581843,0.215450197,0.05779857
HGNC:1786,-5.173534691,-0.294126068,0.05779857
HGNC:13241,5.165359237,0.411894484,0.057975717
HGNC:1728,5.164553015,0.230609736,0.057975717
HGNC:28444,-5.156495334,-0.232556845,0.058443451
HGNC:23087,5.140429063,0.253801834,0.059438476
HGNC:3802,-5.139834441,-0.301456523,0.059438476
HGNC:1975,5.136939271,0.472590522,0.059480839
HGNC:28990,-5.132482852,-0.385566799,0.059480839
HGNC:11112,5.131352598,0.338960288,0.059480839
HGNC:11725,5.128075746,0.430394638,0.059480839
HGNC:25930,5.124962022,0.331128803,0.059480839
HGNC:11521,5.122601853,0.409260459,0.059480839
HGNC:11300,5.121817215,0.450073519,0.059480839
HGNC:13448,-5.119340355,-0.268185352,0.059507306
HGNC:5141,5.112888832,1.083396241,0.059863577
HGNC:6916,5.109741545,0.348799534,0.059931157
HGNC:24309,5.107800449,0.288975994,0.059931157
HGNC:20711,-5.101008486,-0.289507712,0.060183627
HGNC:9543,5.098936938,0.242968844,0.060183627
HGNC:20387,-5.098412802,-0.226638296,0.060183627
HGNC:12582,5.090017448,0.397841181,0.060425266
HGNC:945,-5.088112098,-0.278830804,0.060425266
HGNC:129,5.084114965,0.753703726,0.060425266
HGNC:7880,5.082883245,0.483835294,0.060425266
HGNC:54052,5.080603578,0.368117628,0.060425266
HGNC:8068,5.077870135,0.258821897,0.060425266
HGNC:7728,-5.077470314,-0.39933163,0.060425266
HGNC:20853,5.076708842,0.205932641,0.060425266
HGNC:21484,5.074761162,0.357730509,0.060425266
HGNC:26688,5.068769695,0.890851398,0.060601816
HGNC:11247,-5.064139189,-0.272141414,0.060697452
HGNC:26823,5.061313138,0.729263938,0.060697452
HGNC:26401,5.057088787,0.319459886,0.060697452
HGNC:23708,5.056025001,0.343606678,0.060697452
HGNC:12830,5.05511925,0.473887759,0.060697452
HGNC:1033,-5.054987562,-0.250403674,0.060697452
HGNC:1132,5.053386066,0.211094838,0.060697452
HGNC:6761,5.042410623,0.412874233,0.061294783
HGNC:4074,5.030706543,0.266756401,0.061625506
HGNC:25281,5.015767403,0.380483049,0.062757059
HGNC:25467,4.999949354,0.26170282,0.063709716
HGNC:4420,4.999224745,0.323404569,0.063709716
HGNC:14525,4.993199475,0.221362105,0.063905709
HGNC:4650,4.990637588,0.247281866,0.063941219
HGNC:4162,-4.98708887,-0.393553128,0.063941219
HGNC:10404,4.983483114,0.222809906,0.0640953
HGNC:23019,4.977876579,0.493451522,0.06418806
HGNC:11548,4.977609216,0.283298063,0.06418806
HGNC:16826,4.976806163,0.217058015,0.06418806
HGNC:12410,4.960857705,0.210993404,0.065301606
HGNC:30827,4.957240474,0.360795516,0.065463661
HGNC:4128,-4.945568194,-0.207551674,0.066204103
HGNC:7230,-4.924129352,-0.247239881,0.067711842
HGNC:26904,-4.922038946,-0.23336301,0.067737402
HGNC:26703,4.917713093,0.358624263,0.067903203
HGNC:6893,4.916680003,0.229725094,0.067903203
HGNC:30043,-4.910104856,-0.246776906,0.068004654
HGNC:5397,4.90806992,0.445059561,0.068004654
HGNC:12642,4.907021631,0.262574126,0.068004654
HGNC:7553,-4.906198219,-0.227204744,0.068004654
HGNC:53229,-4.904850585,-0.317302102,0.068004654
HGNC:10359,4.898444207,0.471864006,0.06845245
HGNC:7989,4.887906313,0.235405418,0.069135721
HGNC:12698,-4.884532543,-0.407411731,0.069294151
HGNC:21216,-4.878741918,-0.290396716,0.06969248
HGNC:30286,-4.875914468,-0.232778865,0.069799126
HGNC:17377,4.874038506,0.421091453,0.069811913
HGNC:24091,4.864125873,0.238154575,0.070200008
HGNC:16228,-4.863201519,-0.866575192,0.070200008
HGNC:18062,-4.857325213,-0.393892668,0.070616454
HGNC:26118,-4.832997064,-0.235401254,0.072073344
HGNC:18957,-4.832971651,-0.284366876,0.072073344
HGNC:25931,-4.828644505,-0.206031781,0.072073344
HGNC:12391,4.828552618,0.246429555,0.072073344
HGNC:10942,-4.822945116,-0.313670886,0.072073344
HGNC:24740,4.820262878,0.373125465,0.072073344
HGNC:7817,4.817275181,0.250399762,0.072073344
HGNC:7573,4.816639624,0.563609529,0.072073344
HGNC:1990,4.815691999,0.199120162,0.072073344
HGNC:4514,4.814953443,0.263184071,0.072073344
HGNC:19721,4.813570824,0.22469996,0.072073344
HGNC:1130,-4.813001679,-0.234083574,0.072073344
HGNC:16956,4.811147561,0.249319439,0.072073344
HGNC:27024,4.809323066,0.22057591,0.072092979
HGNC:11905,-4.805855885,-0.260299608,0.072218399
HGNC:4717,-4.803513119,-0.240944761,0.072218399
HGNC:52905,-4.801613623,-0.426493167,0.072218399
HGNC:23506,-4.794886761,-0.200286619,0.072364109
HGNC:24689,4.793918142,0.22540657,0.072364109
HGNC:682,-4.790302802,-0.298588127,0.072364109
HGNC:33195,4.786349275,0.431358902,0.072364109
HGNC:13759,-4.785941513,-0.201443855,0.072364109
HGNC:28577,4.783703744,0.398496828,0.072364109
HGNC:50628,4.782869096,0.228562122,0.072364109
HGNC:25968,4.782673956,0.265108993,0.072364109
HGNC:31455,4.780449399,0.327436914,0.072419099
HGNC:3129,-4.77338587,-0.220603624,0.072419099
HGNC:30700,-4.772234516,-0.233172337,0.072419099
HGNC:32688,4.771847169,0.324669502,0.072419099
HGNC:16844,-4.771228995,-0.385828526,0.072419099
HGNC:19172,4.767390529,0.278977021,0.072424635
HGNC:5012,4.766426063,0.206111598,0.072424635
HGNC:26591,-4.765019547,-0.206959616,0.072424635
HGNC:32962,4.761052422,0.422792154,0.072678959
HGNC:29581,4.758770563,0.238822359,0.072758039
HGNC:20810,4.755359148,0.534851919,0.072956121
HGNC:25210,4.752802261,0.308197798,0.072974923
HGNC:14884,4.750869143,0.213924374,0.072974923
HGNC:6281,-4.750272214,-0.232851804,0.072974923
HGNC:18585,-4.749127473,-0.223086803,0.072974923
HGNC:13464,4.745566601,0.250387861,0.07319144
HGNC:13450,4.739504674,0.271116301,0.073674207
HGNC:19355,4.737885803,0.216906222,0.073687213
HGNC:28331,4.733914665,0.784774025,0.073900286
HGNC:13339,4.732901536,0.200594927,0.073900286
HGNC:12964,4.724149944,0.472375954,0.074679351
HGNC:7219,-4.720036079,-0.211427046,0.074963826
HGNC:4746,4.715742285,0.238312282,0.075053114
HGNC:2909,-4.715185629,-0.271173188,0.075053114
HGNC:17014,-4.711871449,-0.457459616,0.075210685
HGNC:28370,-4.708565885,-0.261244337,0.07526563
HGNC:6206,-4.702759936,-0.196061772,0.07526563
HGNC:28192,-4.698356912,-0.243294016,0.07526563
HGNC:29067,-4.697826605,-0.239848062,0.07526563
HGNC:15828,4.697325058,0.247335007,0.07526563
HGNC:30142,-4.696944261,-0.759865638,0.07526563
HGNC:1789,4.696875258,0.258421956,0.07526563
HGNC:42392,-4.689345823,-0.235158357,0.07593338
HGNC:7228,4.68257318,0.384293417,0.076191995
HGNC:39522,4.682397064,0.243088354,0.076191995
HGNC:19881,-4.681310207,-0.270239767,0.076191995
HGNC:12031,-4.674765915,-0.320363908,0.076511098
HGNC:14065,-4.674380161,-0.246119191,0.076511098
HGNC:24436,4.674195366,0.385076058,0.076511098
HGNC:11374,-4.670668707,-0.479580978,0.076616124
HGNC:25534,-4.669192565,-0.211896636,0.076616124
HGNC:11057,-4.669045051,-0.28333919,0.076616124
HGNC:8799,-4.663732984,-0.196683077,0.076699641
HGNC:53788,-4.662730693,-0.537955194,0.076699641
HGNC:19942,4.654750465,0.190459042,0.076872911
HGNC:541,-4.654599537,-0.393570985,0.076872911
HGNC:44172,4.651117389,0.329455386,0.076872911
HGNC:495,-4.648854644,-0.249117171,0.076872911
HGNC:20804,-4.64787463,-0.232706093,0.076872911
HGNC:18026,-4.647476461,-0.203908393,0.076872911
HGNC:6180,-4.641676825,-0.226514121,0.0769839
HGNC:13499,-4.640010264,-0.202122086,0.0769839
HGNC:7377,-4.637509236,-0.198145952,0.0769839
HGNC:24278,4.635924848,0.2952349,0.0769839
HGNC:7824,-4.635785888,-0.22121373,0.0769839
HGNC:28194,-4.635519658,-0.222388785,0.0769839
HGNC:1268,4.633182982,0.370780925,0.0769839
HGNC:17226,-4.630424799,-0.20389633,0.077132126
HGNC:32034,-4.628707593,-0.1936343,0.077176434
HGNC:7860,4.624835465,0.227803319,0.077464101
HGNC:3333,-4.622106456,-0.291079651,0.077476223
HGNC:10448,4.619165145,0.229145446,0.077476223
HGNC:16437,4.616864,0.302504628,0.077476223
HGNC:12894,-4.609226285,-0.195617142,0.077679343
HGNC:17116,-4.609172294,-0.209891333,0.077679343
HGNC:2703,-4.607585289,-0.21238231,0.077679343
HGNC:23098,4.607233839,0.479723458,0.077679343
HGNC:8981,4.606835462,0.258604384,0.077679343
HGNC:30498,4.606017002,0.307384335,0.077679343
HGNC:6430,-4.597392753,-0.288722632,0.078370616
HGNC:29971,4.593516578,0.245182304,0.078669103
HGNC:976,-4.590478517,-0.359338965,0.078770838
HGNC:11822,4.588833869,0.492569848,0.078770838
HGNC:30290,4.588818482,0.333355628,0.078770838
HGNC:27014,4.586945089,0.426861478,0.07884084
HGNC:7682,-4.583617973,-0.190475715,0.079079347
HGNC:16243,4.580523851,0.582498813,0.079226002
HGNC:7449,-4.579833069,-0.231240625,0.079226002
HGNC:33488,-4.578330414,-0.28662449,0.079254626
HGNC:1763,-4.567050934,-0.216857591,0.079837193
HGNC:10961,-4.56267704,-0.21624417,0.079837193
HGNC:21081,-4.560000242,-0.230378113,0.079837193
HGNC:7455,4.559859855,0.248387056,0.079837193
HGNC:5193,4.558672966,0.224797788,0.079837193
HGNC:5407,4.558008649,0.518882506,0.079837193
HGNC:52695,4.556911934,0.305755266,0.079837193
HGNC:26925,-4.554444933,-0.209926402,0.079837193
HGNC:12826,-4.554204728,-0.208786814,0.079837193
HGNC:8978,-4.549876851,-0.224219337,0.079837193
HGNC:29102,4.547737804,0.305196117,0.079837193
HGNC:12907,4.547529044,0.213822095,0.079837193
HGNC:9721,-4.544898301,-0.303799469,0.079837193
HGNC:13192,4.544868167,0.258016067,0.079837193
HGNC:21641,4.543023549,0.21650031,0.079837193
HGNC:20876,4.541981947,0.250637047,0.079837193
HGNC:18318,4.538908089,0.211327223,0.080005053
HGNC:13308,4.532368071,0.253628063,0.080496554
HGNC:14652,-4.529097193,-0.186548935,0.080519365
HGNC:22211,-4.52722736,-0.198232462,0.080519365
HGNC:25444,4.525893618,0.194284651,0.080519365
HGNC:20907,4.525364128,0.37109941,0.080519365
HGNC:48669,-4.524026677,-0.234401395,0.080519365
HGNC:11572,-4.523927759,-0.197711601,0.080519365
HGNC:20473,4.522530282,0.209256499,0.080546399
HGNC:12632,-4.509484766,-0.23313574,0.081754859
HGNC:16100,4.50742989,0.606684654,0.081754859
HGNC:11921,-4.507029012,-0.281193945,0.081754859
HGNC:6315,-4.506615358,-0.205178627,0.081754859
HGNC:12705,-4.503500231,-0.240205624,0.081991585
HGNC:4983,-4.500130733,-0.254847599,0.082120572
HGNC:19254,-4.496700871,-0.296664421,0.082235141
HGNC:10372,-4.49576015,-0.252590219,0.082235141
HGNC:11589,4.495745736,0.210142147,0.082235141
HGNC:26010,4.492153658,0.217570147,0.082533217
HGNC:1093,4.490365783,0.23642196,0.082543829
HGNC:4915,4.489787844,0.200313263,0.082543829
HGNC:30394,4.484355691,0.270089407,0.082580117
HGNC:23718,4.481029435,0.311206337,0.082661743
HGNC:25965,-4.480753601,-0.20554141,0.082661743
HGNC:26678,4.479788508,0.195984599,0.082661743
HGNC:16846,4.476389176,0.313381115,0.082940638
HGNC:20715,-4.475273699,-0.32687174,0.082940638
HGNC:25181,-4.460375294,-0.188328986,0.08396374
HGNC:838,4.460285662,0.286693656,0.08396374
HGNC:23710,4.458543989,0.242603446,0.08396374
HGNC:13518,-4.454575422,-0.210592356,0.084132356
HGNC:2926,-4.448134491,-0.192819583,0.08466462
HGNC:7208,-4.440026649,-0.201080284,0.08555099
HGNC:13099,4.434908788,0.27316919,0.086064487
HGNC:2428,-4.433035842,-0.244646788,0.086090984
HGNC:654,4.431996653,0.303145711,0.086090984
HGNC:11067,4.429614644,0.230216769,0.086090984
HGNC:6898,-4.42853062,-0.305974695,0.086090984
HGNC:30672,-4.424876004,-0.189210895,0.086090984
HGNC:13680,-4.423672169,-0.211756745,0.086090984
HGNC:2874,4.42342441,0.226515955,0.086090984
HGNC:13101,-4.422136962,-0.192615912,0.086090984
HGNC:15819,-4.421165597,-0.479308033,0.086090984
HGNC:15663,-4.419017276,-0.244076138,0.086173085
HGNC:17368,-4.416794389,-0.22932827,0.08618628
HGNC:28510,-4.414384171,-0.272789058,0.086360005
HGNC:26684,4.411438507,0.240958819,0.086603382
HGNC:11063,-4.409726734,-0.472903649,0.086688321
HGNC:10037,4.407147168,0.238480698,0.086750067
HGNC:13671,-4.403669024,-0.187930128,0.087064711
HGNC:1961,-4.399389433,-0.209736898,0.08748531
HGNC:54524,4.395726939,0.226015049,0.087703287
HGNC:23641,-4.394879169,-0.191575388,0.087703287
HGNC:7963,4.394213408,0.381792666,0.087703287
HGNC:939,4.393554932,0.285913932,0.087703287
HGNC:4054,4.38351461,0.752471242,0.088213164
HGNC:30097,4.381973473,0.27050251,0.088213164
HGNC:19129,-4.380757816,-0.614261531,0.088213164
HGNC:3299,4.380446023,0.573735139,0.088213164
HGNC:12918,4.379642624,0.333628208,0.088213164
HGNC:23333,-4.379378662,-0.220203918,0.088213164
HGNC:20667,-4.376922281,-0.219393747,0.088284925
HGNC:1940,4.37679627,0.329359114,0.088284925
HGNC:9862,-4.374974649,-0.220330083,0.088391189
HGNC:48868,-4.371315185,-0.212768287,0.088455915
HGNC:23287,-4.370435596,-0.203138947,0.088455915
HGNC:214,4.368378412,0.638733001,0.088594739
HGNC:32569,-4.366787275,-0.259481152,0.08867222
HGNC:51687,4.359638272,0.226954786,0.089337259
HGNC:37078,-4.35812878,-0.231646259,0.089337259
HGNC:6512,-4.357783608,-0.287283853,0.089337259
HGNC:4432,-4.352289701,-0.223992697,0.089806542
HGNC:32299,-4.345049633,-0.19517543,0.09039721
HGNC:15492,-4.344328174,-0.184646877,0.09039721
HGNC:8691,-4.341074424,-0.244109639,0.090530191
HGNC:5982,4.340012776,0.320805227,0.090530191
HGNC:24073,-4.340006159,-0.33386097,0.090530191
HGNC:10316,-4.335243236,-0.181692029,0.09073726
HGNC:5113,-4.334908416,-0.207420053,0.09073726
HGNC:18817,-4.334846223,-0.240025869,0.09073726
HGNC:26942,4.334319439,0.213555751,0.09073726
HGNC:9981,4.333275073,0.401265271,0.09073726
HGNC:28997,4.332495749,0.197328187,0.09073726
HGNC:23414,4.329533458,0.19513595,0.090758666
HGNC:10537,-4.327585037,-0.291114486,0.090760217
HGNC:17012,4.324206685,0.179360461,0.091089453
HGNC:24722,4.319660405,0.195263019,0.091257341
HGNC:777,-4.317541305,-0.18750231,0.091257341
HGNC:10534,4.316324748,0.209505322,0.091257341
HGNC:23233,-4.316260041,-0.201524538,0.091257341
HGNC:19874,4.314007655,0.211244009,0.091364909
HGNC:14629,4.313189011,0.182362404,0.091364909
HGNC:17156,-4.311025472,-0.216292105,0.091364909
HGNC:34347,4.31095471,0.196775048,0.091364909
HGNC:12679,-4.310719972,-0.184812001,0.091364909
HGNC:2501,-4.307215435,-0.234976831,0.091516589
HGNC:13452,4.30605678,0.193976812,0.091516589
HGNC:13486,-4.306019488,-0.181258164,0.091516589
HGNC:26302,-4.304604728,-0.224134678,0.091516589
HGNC:4081,-4.304147189,-0.25803092,0.091516589
HGNC:33754,4.303148677,0.222218661,0.091516589
HGNC:4055,4.303018944,0.205503853,0.091516589
HGNC:28157,-4.301642099,-0.295310364,0.091518951
HGNC:7745,4.300757158,0.214465435,0.091518951
HGNC:13146,4.300195393,0.238717023,0.091518951
HGNC:25501,4.296701611,0.247966842,0.091645952
HGNC:1928,-4.296570909,-0.202270982,0.091645952
HGNC:44294,-4.295736993,-0.230907922,0.091645952
HGNC:11835,4.295551804,0.336633249,0.091645952
HGNC:6159,4.294564466,0.308503544,0.091654269
HGNC:9956,-4.292863544,-0.238802435,0.09176132
HGNC:40141,-4.291703765,-0.181824431,0.091793872
HGNC:8751,4.28727418,0.41940705,0.091897133
HGNC:8527,-4.28414672,-0.221226816,0.09207651
HGNC:76,4.278123473,0.215168763,0.092401754
HGNC:7534,-4.277248606,-0.268618465,0.092401754
HGNC:26623,-4.275845146,-0.180628533,0.092470862
HGNC:18999,4.272903092,0.270240935,0.092755253
HGNC:13017,4.264505118,0.373611632,0.093580277
HGNC:27196,4.26381904,0.289911864,0.093580277
HGNC:25392,-4.263425108,-0.222631431,0.093580277
HGNC:18783,4.259090411,0.393840543,0.09381252
HGNC:4392,4.257035464,0.189312852,0.093848446
HGNC:17409,-4.256858245,-0.263050013,0.093848446
HGNC:27606,-4.256155333,-0.22965081,0.093848446
HGNC:27301,4.253465032,0.248944222,0.093977452
HGNC:21096,-4.251994577,-0.23277838,0.094060126
HGNC:15832,4.249072534,0.297071327,0.094349904
HGNC:19692,4.245452851,0.203571162,0.09474077
HGNC:593,4.243928488,0.183296723,0.094832517
HGNC:10852,-4.235709839,-0.371094066,0.095763261
HGNC:10416,4.229726313,0.433053143,0.096249878
HGNC:10703,4.228317908,0.373387872,0.096327514
HGNC:5361,4.224693557,0.757000972,0.096646593
HGNC:20294,4.224386968,0.318789438,0.096646593
HGNC:14857,-4.217465482,-0.179222029,0.097179647
HGNC:8789,4.216444955,0.413080129,0.097179647
HGNC:4168,-4.215644959,-0.289419391,0.097179647
HGNC:28349,-4.215544551,-0.288274183,0.097179647
HGNC:32576,4.210778138,0.334350315,0.097480722
HGNC:49544,4.21058394,0.324782688,0.097480722
HGNC:11545,4.209521747,0.181824568,0.097480722
HGNC:28767,-4.208543286,-0.234446155,0.097480722
HGNC:48891,-4.208336051,-0.272737461,0.097480722
HGNC:33419,-4.206452353,-0.313109966,0.097632701
HGNC:13516,-4.2023902,-0.224726174,0.09801637
HGNC:26967,-4.199212343,-0.216969259,0.098328356
HGNC:28150,4.197005559,0.18932961,0.098530908
HGNC:29526,4.194015625,0.259490339,0.098839936
HGNC:11359,4.192746121,0.298188404,0.098839936
HGNC:9052,-4.192395778,-0.179031058,0.098839936
HGNC:20570,-4.190338541,-0.352440223,0.099021895
HGNC:21214,-4.182621797,-0.252513848,0.100061986
HGNC:25404,-4.181366452,-0.231505854,0.100124574
HGNC:28222,4.178193191,0.177333171,0.100172185
HGNC:8666,-4.17747496,-0.244032548,0.100172185
HGNC:25047,4.177441685,0.357883863,0.100172185
HGNC:28857,4.174621973,0.216805469,0.100172185
HGNC:32206,4.174340736,0.281900647,0.100172185
HGNC:16900,4.173142467,0.209076824,0.100227748
HGNC:12304,-4.17121253,-0.181175527,0.10039532
HGNC:3821,-4.169423564,-0.174522477,0.100541789
HGNC:11026,-4.168423286,-0.244098106,0.100541789
HGNC:32346,-4.166396483,-0.181185082,0.100541789
HGNC:19356,4.166108155,0.380201057,0.100541789
HGNC:8108,-4.161543949,-0.193351753,0.100838072
HGNC:30879,-4.161543182,-0.186303939,0.100838072
HGNC:805,4.161054242,0.258518428,0.100838072
HGNC:7136,-4.15743595,-0.199525458,0.101115458
HGNC:27581,4.151316866,0.235625229,0.101809037
HGNC:356,-4.147976749,-0.190111798,0.101971505
HGNC:42970,-4.147824907,-0.196324219,0.101971505
HGNC:29303,4.142384449,0.178863052,0.102301326
HGNC:23705,-4.14220001,-0.17671274,0.102301326
HGNC:8960,-4.136770755,-0.175415311,0.10270286
HGNC:3418,-4.13496029,-0.249375599,0.102844628
HGNC:1239,4.128005832,0.233350564,0.103671215
HGNC:25100,-4.125576978,-0.331829475,0.103820142
HGNC:3587,-4.124739137,-0.203631617,0.103826319
HGNC:13997,-4.121998549,-0.215457661,0.104135288
HGNC:13621,-4.120917718,-0.200432083,0.104180556
HGNC:11579,4.11626564,0.183705432,0.104620824
HGNC:11391,4.115430384,0.263138659,0.104620824
HGNC:11363,4.114563469,0.203772771,0.104620824
HGNC:13422,4.113411803,0.178796973,0.104620824
HGNC:16791,-4.112162171,-0.269304661,0.104620824
HGNC:53611,-4.11141712,-0.190086391,0.104620824
HGNC:21108,-4.111131513,-0.226735002,0.104620824
HGNC:26052,-4.108993988,-0.187432366,0.104757874
HGNC:10377,-4.107831761,-0.185899664,0.104757874
HGNC:662,-4.107044596,-0.213420321,0.104757874
HGNC:23770,4.105948574,0.200806085,0.104808229
HGNC:23151,4.103892736,0.254868421,0.104889361
HGNC:17655,-4.101848632,-0.191399224,0.105030516
HGNC:52421,4.101446738,0.191130761,0.105030516
HGNC:30763,-4.098553164,-0.183930614,0.105229612
HGNC:24472,4.097882445,0.176577853,0.105229612
HGNC:27858,4.091017878,0.173859547,0.105666226
HGNC:3279,-4.090909229,-0.197078218,0.105666226
HGNC:18479,-4.090553308,-0.273731151,0.105666226
HGNC:25332,4.089666054,0.20906993,0.105666226
HGNC:24659,4.089259602,0.253393784,0.105666226
HGNC:6711,-4.089141757,-0.227626851,0.105666226
HGNC:29167,-4.087474297,-0.217403536,0.105666226
HGNC:9799,4.085783621,0.19986155,0.105666226
HGNC:27584,-4.083438228,-0.174616613,0.105666226
HGNC:8518,4.081255438,0.169484076,0.105666226
HGNC:19401,4.080110613,0.347246358,0.105666226
HGNC:28063,4.078438134,0.24660605,0.105666226
HGNC:1255,4.077669249,0.447155255,0.105666226
HGNC:1788,-4.077421383,-0.185817969,0.105666226
HGNC:18870,4.077384238,0.193802834,0.105666226
HGNC:25850,4.076771155,0.205618532,0.105666226
HGNC:2953,4.07666935,0.188141333,0.105666226
HGNC:11012,4.0765225,0.228186424,0.105666226
HGNC:20775,-4.076431906,-0.176289342,0.105666226
HGNC:9346,-4.076116296,-0.178304301,0.105666226
HGNC:15998,-4.072365695,-0.201050973,0.106115268
HGNC:13153,4.070549498,0.422235046,0.106115268
HGNC:48892,-4.07010973,-0.283323732,0.106115268
HGNC:31428,4.068346589,0.206791893,0.106135809
HGNC:25475,-4.067252975,-0.255602716,0.106135809
HGNC:28906,-4.066201776,-0.204132109,0.106186102
HGNC:32961,4.062725471,0.223686097,0.106551754
HGNC:9026,-4.062482867,-0.167611862,0.106551754
HGNC:4375,4.060325247,0.506279243,0.106559611
HGNC:26323,4.05978412,0.194165777,0.106559611
HGNC:12120,4.059587121,0.189957463,0.106559611
HGNC:31813,-4.057910732,-0.203898767,0.106559611
HGNC:3708,4.057303076,0.307336103,0.106559611
HGNC:1123,-4.057272288,-0.217829253,0.106559611
HGNC:3284,4.055900018,0.422308732,0.106636466
HGNC:25954,4.051562998,0.237764534,0.107023893
HGNC:11895,-4.050421165,-0.189623022,0.107023893
HGNC:29317,-4.050280902,-0.233894163,0.107023893
HGNC:24116,4.050057112,0.199561643,0.107023893
HGNC:33387,-4.049263751,-0.293940995,0.107034567
HGNC:12327,4.047482466,0.336966399,0.107175791
HGNC:13429,4.046952899,0.258895977,0.107175791
HGNC:42810,-4.045663582,-0.204385644,0.107268821
HGNC:6493,-4.042598338,-0.177176461,0.107656198
HGNC:24337,-4.039847736,-0.176989544,0.107992873
HGNC:4131,4.03732838,0.277914003,0.108134149
HGNC:24299,4.036832861,0.255516836,0.108134149
HGNC:15785,-4.033854925,-0.590479886,0.108463308
HGNC:23428,-4.033421265,-0.195760581,0.108463308
HGNC:21480,-4.028251021,-0.169493262,0.108622218
HGNC:6063,4.026922971,0.175050523,0.108622218
HGNC:13257,4.025637887,0.611388169,0.108622218
HGNC:11907,4.025351841,0.266604298,0.108622218
HGNC:7800,-4.025049534,-0.183763743,0.108622218
HGNC:19391,-4.024808608,-0.190757666,0.108622218
HGNC:11118,4.024040848,0.207315708,0.108622218
HGNC:13934,4.023903687,0.207357669,0.108622218
HGNC:14932,4.023042297,0.250864113,0.108647827
HGNC:7045,4.021317923,0.169829168,0.10881842
HGNC:19961,-4.020198077,-0.196219992,0.108887799
HGNC:26813,-4.0182576,-0.280895324,0.109095492
HGNC:11700,4.017428332,0.296344864,0.109116392
HGNC:4793,-4.011442048,-0.210886159,0.109656246
HGNC:18871,-4.010151596,-0.183198171,0.109752472
HGNC:14607,4.009263463,0.229823776,0.109784357
HGNC:38842,-4.007138822,-0.168263799,0.109931121
HGNC:21965,-4.007001108,-0.192791508,0.109931121
HGNC:7758,4.005025214,0.236761107,0.110148508
HGNC:50466,4.002730719,0.281563254,0.110282677
HGNC:13166,4.002019574,0.285043341,0.110282677
HGNC:9882,4.001287743,0.417835944,0.110282677
HGNC:18441,3.999918365,0.19069934,0.110282677
HGNC:26108,-3.999692259,-0.271090836,0.110282677
HGNC:12968,3.999226881,0.185672679,0.110282677
HGNC:23682,-3.998213015,-0.279222366,0.110282677
HGNC:33732,3.997135168,0.229389153,0.110282677
HGNC:20343,3.996616672,0.193824156,0.110282677
HGNC:4163,-3.995107347,-0.302131583,0.110294843
HGNC:12694,-3.994103222,-0.178540319,0.110294843
HGNC:13236,-3.992830818,-0.189032375,0.110294843
HGNC:18795,3.992265502,0.190085316,0.110294843
HGNC:14886,3.992104468,0.285012094,0.110294843
HGNC:4749,3.991221228,0.185521897,0.110294843
HGNC:25430,-3.991061865,-0.186918038,0.110294843
HGNC:6293,-3.989519244,-0.231556928,0.110441847
HGNC:24627,-3.98842214,-0.17107181,0.110512968
HGNC:19158,3.985237969,0.271298778,0.110825499
HGNC:23370,3.98290505,0.255872769,0.111074812
HGNC:18502,-3.982242446,-0.262878608,0.111074812
HGNC:1785,3.981752871,0.24486646,0.111074812
HGNC:24534,3.980032793,0.265495133,0.111076675
HGNC:26704,-3.979744305,-0.171875471,0.111076675
HGNC:38518,3.979009399,0.210645265,0.111076675
HGNC:6051,-3.978367267,-0.189171356,0.111076675
HGNC:29520,3.972233261,0.255900714,0.111684077
HGNC:1851,3.971158666,0.173059521,0.111684077
HGNC:11188,-3.970889395,-0.179631342,0.111684077
HGNC:1073,-3.967877632,-0.265035992,0.111974965
HGNC:10274,3.959009502,0.168271392,0.112955162
HGNC:17074,3.958788042,0.183840817,0.112955162
HGNC:25480,-3.957164241,-0.178525176,0.112955162
HGNC:21680,-3.955391838,-0.178592128,0.112955162
HGNC:9988,-3.955082719,-0.184073274,0.112955162
HGNC:34431,-3.953845022,-0.179171435,0.112955162
HGNC:21316,-3.951677107,-0.179953049,0.112955162
HGNC:9527,-3.951124548,-0.22880566,0.112955162
HGNC:16266,3.949336715,0.172985662,0.112955162
HGNC:12509,-3.949311353,-0.169313986,0.112955162
HGNC:16942,3.949202492,0.175023102,0.112955162
HGNC:48957,-3.948979272,-0.176198461,0.112955162
HGNC:14946,-3.948431381,-0.221104411,0.112955162
HGNC:15878,3.947888136,0.338321696,0.112955162
HGNC:33941,-3.946439781,-0.235681408,0.112955162
HGNC:2068,3.946398634,0.474875346,0.112955162
HGNC:49451,3.940436591,0.208406654,0.11363168
HGNC:751,-3.937237219,-0.225993903,0.113885333
HGNC:29151,-3.934282213,-0.178272491,0.114295159
HGNC:28344,3.932689472,0.561327182,0.114450037
HGNC:26936,3.9320269,0.244885618,0.114450037
HGNC:10897,3.931481587,0.29356168,0.114450037
HGNC:7898,3.930077904,0.394015156,0.114585735
HGNC:10698,-3.925405285,-0.185260399,0.114963034
HGNC:10513,-3.925214734,-0.259562777,0.114963034
HGNC:10241,3.925162443,0.201898432,0.114963034
HGNC:11778,-3.923017244,-0.272217228,0.115162032
HGNC:2518,3.921974289,0.24321744,0.115234827
HGNC:13199,-3.918577293,-0.195809907,0.115731198
HGNC:29370,-3.917928249,-0.168280915,0.115733636
HGNC:23785,3.915816639,0.185930834,0.11578022
HGNC:8777,-3.915341613,-0.302729664,0.11578022
HGNC:25120,-3.914217638,-0.23409705,0.11578022
HGNC:16051,-3.913919739,-0.185692227,0.11578022
HGNC:2527,3.913074807,0.189838079,0.11578022
HGNC:7660,3.912670597,0.17875001,0.11578022
HGNC:30935,3.912626048,0.176554311,0.11578022
HGNC:17625,-3.912606582,-0.180418659,0.11578022
HGNC:7905,3.910968506,0.195834662,0.11578022
HGNC:13254,-3.910480702,-0.162171729,0.11578022
HGNC:17995,-3.90954434,-0.195101267,0.11578022
HGNC:664,-3.909012726,-0.172802262,0.11578022
HGNC:681,-3.908160411,-0.219648262,0.11578022
HGNC:23386,-3.907924548,-0.181105331,0.11578022
HGNC:633,3.907590982,0.290406029,0.11578022
HGNC:12306,3.903717798,0.185004419,0.115829868
HGNC:9277,3.902851151,0.340034427,0.115829868
HGNC:19919,3.902339444,0.209568964,0.115829868
HGNC:973,-3.902326047,-0.177624291,0.115829868
HGNC:30529,-3.902035288,-0.201600299,0.115829868
HGNC:18857,-3.901828533,-0.230511355,0.115829868
HGNC:42951,-3.901571359,-0.167414305,0.115829868
HGNC:32305,3.900377979,0.509381552,0.115829868
HGNC:286,-3.897450611,-0.191227119,0.115829868
HGNC:24357,-3.897248706,-0.238667369,0.115829868
HGNC:28758,3.896872581,0.226644599,0.115829868
HGNC:9796,3.896774172,0.233887719,0.115829868
HGNC:9904,3.896557163,0.238937136,0.115829868
HGNC:7866,-3.894882742,-0.318574956,0.115829868
HGNC:38675,-3.894658347,-0.368655981,0.115829868
HGNC:6284,-3.894336058,-0.176721445,0.115829868
HGNC:9437,3.890577703,0.221096392,0.116400155
HGNC:11979,3.889466869,0.3268368,0.116491105
HGNC:30238,3.888563973,0.159177982,0.116495584
HGNC:8659,3.888223205,0.194974147,0.116495584
HGNC:22135,3.884430694,0.29482025,0.117005068
HGNC:30320,-3.883640538,-0.20380397,0.117005068
HGNC:9309,3.88360463,0.16317793,0.117005068
HGNC:16202,3.882916278,0.296139637,0.117020002
HGNC:30599,-3.881902336,-0.250818553,0.117063879
HGNC:30450,3.881464824,0.202605166,0.117063879
HGNC:10731,-3.88025982,-0.263503782,0.117103891
HGNC:854,3.878325021,0.162459847,0.117306862
HGNC:18156,-3.87720343,-0.177163317,0.11735156
HGNC:13824,-3.876875934,-0.166265269,0.11735156
HGNC:28031,3.876208544,0.281056394,0.117363601
HGNC:27239,-3.874294062,-0.222304488,0.117407505
HGNC:9393,-3.87423514,-0.19622209,0.117407505
HGNC:6376,-3.87416762,-0.194693369,0.117407505
HGNC:30375,-3.873411044,-0.223375705,0.117436362
HGNC:34511,3.872566554,0.248938475,0.117481482
HGNC:3247,-3.869210687,-0.229735323,0.117989094
HGNC:17817,3.867187765,0.191502844,0.118252403
HGNC:2194,-3.862731479,-0.177090985,0.118715828
HGNC:23044,-3.862303943,-0.225579972,0.118715828
HGNC:22997,-3.858216657,-0.156755839,0.119304933
HGNC:20875,3.853282487,0.290493454,0.119850226
HGNC:14523,3.853262492,0.179353456,0.119850226
HGNC:3547,-3.850189407,-0.166720635,0.120316934
HGNC:49455,3.848899289,0.591713202,0.12033764
HGNC:12887,3.846547281,0.201753888,0.120670376
HGNC:5362,3.845308696,0.329599809,0.12068209
HGNC:28683,-3.844712837,-0.246638517,0.120683678
HGNC:15917,-3.843374801,-0.16013929,0.120825803
HGNC:19818,-3.841609315,-0.185834418,0.120968227
HGNC:23219,-3.840865955,-0.171002775,0.120968227
HGNC:2680,3.840223762,0.227584027,0.120979156
HGNC:21578,-3.839328168,-0.285906406,0.12103826
HGNC:27990,-3.836890139,-0.175462363,0.121279821
HGNC:20529,3.836082656,0.179060361,0.121322661
HGNC:15876,3.834506453,0.161242871,0.121512007
HGNC:12312,3.832089354,0.164594042,0.121751511
HGNC:16417,-3.830943483,-0.225160382,0.121859645
HGNC:20072,-3.82896885,-0.196022654,0.121937213
HGNC:14278,3.828692354,0.167804543,0.121937213
HGNC:23616,-3.828479671,-0.229036393,0.121937213
HGNC:9685,-3.828151228,-0.176266923,0.121937213
HGNC:30570,3.827646926,0.327265695,0.121937213
HGNC:12264,-3.824876155,-0.207598138,0.122114219
HGNC:44417,3.822683363,0.191876915,0.122337158
HGNC:3488,-3.820013156,-0.159553743,0.122740448
HGNC:17203,3.817895584,0.199274971,0.122922008
HGNC:19661,-3.817671078,-0.234222248,0.122922008
HGNC:12464,3.816803241,0.237165494,0.122922008
HGNC:13501,3.816221353,0.166134445,0.122922008
HGNC:51497,3.816212026,0.202166879,0.122922008
HGNC:11255,-3.813874154,-0.202337306,0.123263733
HGNC:29535,3.811244305,0.243732277,0.123583414
HGNC:36495,3.811086578,0.203560823,0.123583414
HGNC:8614,-3.808994443,-0.196729513,0.123624159
HGNC:23925,-3.808968904,-0.176006843,0.123624159
HGNC:26169,-3.808676202,-0.270203531,0.123624159
HGNC:25551,3.808605812,0.166305662,0.123624159
HGNC:30578,-3.806322453,-0.215207515,0.12392913
HGNC:17572,3.805905811,0.170009172,0.12392913
HGNC:31378,3.805042553,0.168996658,0.123987189
HGNC:44368,-3.802746977,-0.290762242,0.124169544
HGNC:3177,-3.801933913,-0.227255535,0.124169544
HGNC:25741,3.80185538,0.222981149,0.124169544
HGNC:4612,-3.801851974,-0.217757062,0.124169544
HGNC:28384,3.799327616,0.321161993,0.124553173
HGNC:25247,-3.798638971,-0.157727959,0.124577986
HGNC:4834,3.797617788,0.198232772,0.124664647
HGNC:18832,3.797074456,0.232157123,0.124664647
HGNC:21146,-3.79619235,-0.213389956,0.124727748
HGNC:23999,3.794731799,0.194851191,0.124797947
HGNC:15606,3.794715485,0.28113033,0.124797947
HGNC:28772,3.793767629,0.228779008,0.124874356
HGNC:5959,-3.792472912,-0.20045214,0.124972663
HGNC:11892,3.791975599,0.393441763,0.124972663
HGNC:4526,3.791594235,0.176618926,0.124972663
HGNC:2397,3.790958084,0.166411508,0.124988287
HGNC:9723,-3.789643578,-0.17042715,0.125137537
HGNC:20482,-3.788931553,-0.171515457,0.125168339
HGNC:26714,-3.788234574,-0.154420505,0.125196288
HGNC:30834,3.787048268,0.154929473,0.125251268
HGNC:13077,-3.785673657,-0.203023367,0.125251268
HGNC:13672,-3.78560649,-0.213518181,0.125251268
HGNC:23385,3.785133006,0.204745976,0.125251268
HGNC:3245,-3.784798794,-0.161943502,0.125251268
HGNC:8923,-3.783608325,-0.395553209,0.125251268
HGNC:33104,3.782976185,0.200393986,0.125251268
HGNC:20717,-3.781893695,-0.250612992,0.125251268
HGNC:1421,3.780887985,0.215811067,0.125251268
HGNC:24381,-3.780850314,-0.218798334,0.125251268
HGNC:14293,3.780785173,0.189398346,0.125251268
HGNC:21055,-3.778083278,-0.225502301,0.125355102
HGNC:1553,3.777475699,0.15733275,0.125355102
HGNC:16976,3.776830163,0.216925751,0.125355102
HGNC:29652,3.776453047,0.159579706,0.125355102
HGNC:28062,3.775637034,0.187710017,0.125355102
HGNC:117,-3.775588307,-0.2049052,0.125355102
HGNC:4553,3.775344452,0.204360339,0.125355102
HGNC:13670,3.773921755,0.190142964,0.125528867
HGNC:15805,3.768915247,0.48486316,0.126304322
HGNC:16850,3.768720841,0.195547674,0.126304322
HGNC:11906,3.768386926,0.176692707,0.126304322
HGNC:14013,3.763249515,0.157798135,0.127209245
HGNC:3674,3.762255104,0.296441964,0.127209245
HGNC:12904,3.761464901,0.287703981,0.127209245
HGNC:3433,-3.761459641,-0.16431391,0.127209245
HGNC:16784,-3.761157875,-0.349363216,0.127209245
HGNC:3017,3.760353662,0.209432434,0.12726251
HGNC:25897,-3.756881302,-0.165714654,0.127852994
HGNC:33107,-3.75614095,-0.158391974,0.127893879
HGNC:19440,3.755040994,0.181002696,0.128007502
HGNC:992,-3.753599299,-0.185495361,0.128037181
HGNC:14889,3.753492901,0.16782248,0.128037181
HGNC:12660,3.752849367,0.171442119,0.128037181
HGNC:25213,-3.750450651,-0.235441745,0.128037181
HGNC:19357,3.747962861,0.173241093,0.128037181
HGNC:26658,3.747652489,0.285890985,0.128037181
HGNC:11065,-3.747627506,-0.177428498,0.128037181
HGNC:20580,-3.747034423,-0.176774275,0.128037181
HGNC:1682,3.746957631,0.158849562,0.128037181
HGNC:20663,3.746409847,0.203926197,0.128037181
HGNC:29667,-3.74621727,-0.19305573,0.128037181
HGNC:21603,3.746006427,0.187599645,0.128037181
HGNC:30304,-3.745833796,-0.161782259,0.128037181
HGNC:20957,-3.74508401,-0.215213805,0.128081888
HGNC:17019,-3.742575946,-0.211981772,0.128483064
HGNC:12028,3.740710358,0.15685102,0.128685032
HGNC:5010,-3.740526781,-0.153720398,0.128685032
HGNC:22036,3.737521491,0.665814564,0.128868389
HGNC:9690,3.735406916,0.20087498,0.129023046
HGNC:2435,-3.734861298,-0.172715815,0.129023046
HGNC:20685,-3.73466587,-0.180669124,0.129023046
HGNC:16230,3.730618854,0.174039181,0.129540795
HGNC:3688,-3.729389687,-0.159451408,0.129540795
HGNC:23485,-3.7292654,-0.215389272,0.129540795
HGNC:16280,-3.727792699,-0.165091227,0.129540795
HGNC:28642,3.727442424,0.503286949,0.129540795
HGNC:11924,-3.725865188,-0.2650571,0.129569684
HGNC:21869,-3.725746147,-0.166801096,0.129569684
HGNC:53474,-3.724486188,-0.203000313,0.129721948
HGNC:44223,3.721268019,0.330065394,0.130208647
HGNC:13507,3.721085711,0.26432752,0.130208647
HGNC:18866,-3.71438538,-0.192623145,0.131269057
HGNC:49280,-3.713627608,-0.264808117,0.131269057
HGNC:26487,3.713019248,0.214592234,0.131269057
HGNC:9051,-3.712872335,-0.27885991,0.131269057
HGNC:6264,-3.712343168,-0.150958675,0.131272369
HGNC:33776,3.7116598,0.178648002,0.131283884
HGNC:23136,3.711262614,0.220633683,0.131283884
HGNC:9705,-3.710467895,-0.166295736,0.131342693
HGNC:23179,3.709767722,0.181154244,0.131381951
HGNC:9677,-3.708259744,-0.176874317,0.131589576
HGNC:728,-3.707292189,-0.184520583,0.131684868
HGNC:53658,-3.706311563,-0.16635184,0.13178306
HGNC:22954,-3.705315786,-0.15822543,0.131884592
HGNC:27922,3.704722804,0.230580304,0.131902098
HGNC:2095,3.702269246,0.172492194,0.132309204
HGNC:269,-3.699676344,-0.225976014,0.132747066
HGNC:1555,-3.69791196,-0.191105544,0.132798082
HGNC:9187,3.696465431,0.220004432,0.132821186
HGNC:25594,3.696192262,0.192744541,0.132821186
HGNC:29105,-3.695575328,-0.166207205,0.132821186
HGNC:12425,3.695329911,0.154455539,0.132821186
HGNC:24488,-3.695274154,-0.174980496,0.132821186
HGNC:9107,-3.692564617,-0.15680257,0.132826088
HGNC:24513,-3.6924795,-0.220181386,0.132826088
HGNC:16066,-3.692210798,-0.197269355,0.132826088
HGNC:24460,-3.69116982,-0.164018859,0.132826088
HGNC:28240,3.69026135,0.23454024,0.132826088
HGNC:13058,3.690139377,0.195570586,0.132826088
HGNC:28717,-3.689807694,-0.155473938,0.132826088
HGNC:24025,3.689654295,0.213640317,0.132826088
HGNC:6005,3.689376148,0.161251777,0.132826088
HGNC:17843,3.688399391,0.181282505,0.132826088
HGNC:13111,-3.688286411,-0.200945218,0.132826088
HGNC:43644,3.687760784,0.159986678,0.132826088
HGNC:29523,3.687729827,0.210491153,0.132826088
HGNC:53700,-3.686954036,-0.264418628,0.132884626
HGNC:26421,-3.683388604,-0.234179163,0.133365582
HGNC:3665,-3.683343392,-0.19671331,0.133365582
HGNC:10992,-3.683185662,-0.173343229,0.133365582
HGNC:26759,3.681287853,0.175359377,0.133662571
HGNC:9257,3.679550859,0.153545232,0.13382088
HGNC:30933,-3.67752733,-0.279009085,0.133945544
HGNC:12879,3.674407082,0.356861883,0.134260142
HGNC:44173,3.674030595,0.189051661,0.134260142
HGNC:24342,3.6712043,0.165903004,0.134653942
HGNC:20248,3.671202877,0.33963601,0.134653942
HGNC:25044,-3.67061492,-0.157398816,0.134674633
HGNC:18747,3.66834646,0.187606894,0.135055515
HGNC:29555,-3.66743035,-0.226836465,0.135146908
HGNC:24768,3.665447072,0.152213133,0.135362658
HGNC:43944,3.663026407,0.154948323,0.135633397
HGNC:21617,-3.661807674,-0.175436858,0.135633397
HGNC:1435,-3.661395106,-0.293756975,0.135633397
HGNC:16422,-3.65753453,-0.166029987,0.136333941
HGNC:21154,-3.656508796,-0.19925972,0.13637588
HGNC:26512,3.656369172,0.205446086,0.13637588
HGNC:33113,-3.654331897,-0.151552226,0.136626859
HGNC:17103,3.654182637,0.152675147,0.136626859
HGNC:30211,-3.6537582,-0.195072222,0.136626859
HGNC:30681,3.651788374,0.183117307,0.136950132
HGNC:5908,3.649988298,0.153550823,0.137150465
HGNC:6484,-3.649902563,-0.150528619,0.137150465
HGNC:12397,3.648799318,0.208263156,0.137256837
HGNC:940,3.648449907,0.161621955,0.137256837
HGNC:25891,-3.645250187,-0.19268935,0.137746116
HGNC:5115,-3.643039518,-0.218138356,0.137896376
HGNC:14255,3.642687638,0.202235792,0.137896376
HGNC:20442,3.642517108,0.173188948,0.137896376
HGNC:33115,-3.640893689,-0.186288173,0.138069899
HGNC:888,-3.637602983,-0.226043198,0.138554501
HGNC:14621,3.637054161,0.154544452,0.138554501
HGNC:714,3.635997081,0.181192646,0.138554501
HGNC:6169,3.634702546,0.281942227,0.138615112
HGNC:15450,3.634598769,0.163079908,0.138615112
HGNC:6077,-3.633859276,-0.179490324,0.138623941
HGNC:324,3.63360762,0.164326015,0.138623941
HGNC:19373,3.630259197,0.155822527,0.139137691
HGNC:26955,-3.629962813,-0.195493223,0.139137691
HGNC:13430,3.629029525,0.186182937,0.139137691
HGNC:24172,-3.628790276,-0.170947401,0.139137691
HGNC:1094,-3.628441668,-0.162774304,0.139137691
HGNC:26745,-3.627296598,-0.214867682,0.139211789
HGNC:44321,-3.62669067,-0.152828598,0.139211789
HGNC:30434,3.626103746,0.208873961,0.139237389
HGNC:26282,3.62542438,0.189013475,0.139283599
HGNC:9439,3.624053114,0.160692499,0.139483671
HGNC:7887,-3.622631019,-0.165580736,0.139564083
HGNC:19731,-3.622281505,-0.153567629,0.139564083
HGNC:11929,3.620415429,0.268534047,0.139842464
HGNC:6126,-3.619528482,-0.181048256,0.139842464
HGNC:13698,3.619319503,0.162984318,0.139842464
HGNC:13208,3.619156947,0.248315449,0.139842464
HGNC:23600,3.615959663,0.174136912,0.140241017
HGNC:12576,-3.615589852,-0.264516672,0.140241017
HGNC:11580,3.614688499,0.198042114,0.140267166
HGNC:53807,3.614454712,0.217862925,0.140267166
HGNC:26257,-3.61313884,-0.169611831,0.140457583
HGNC:7531,-3.609133738,-0.149505476,0.141253225
HGNC:30836,-3.607290517,-0.156951665,0.141564355
HGNC:32443,3.606118577,0.224345308,0.141724359
HGNC:19231,3.602365839,0.210781397,0.14224255
HGNC:33155,-3.600523598,-0.192938037,0.142363301
HGNC:30761,3.599762825,0.245365565,0.142431328
HGNC:13094,3.59903229,0.211493543,0.142492053
HGNC:23782,3.596766135,0.161585997,0.142692938
HGNC:12723,-3.596464251,-0.204884362,0.142692938
HGNC:26719,3.595357593,0.176658844,0.142692938
HGNC:21481,3.595213698,0.377588876,0.142692938
HGNC:8736,-3.59493391,-0.175753356,0.142692938
HGNC:14132,-3.593818055,-0.199864024,0.142842899
HGNC:20427,3.590781687,0.250011426,0.143327764
HGNC:21222,3.59025858,0.205812095,0.143342848
HGNC:1049,3.589397264,0.156877397,0.143431089
HGNC:54112,3.588960068,0.18083689,0.143431089
HGNC:24325,3.586776526,0.387580414,0.143819384
HGNC:9680,-3.584645021,-0.161358362,0.143919376
HGNC:30457,-3.584556661,-0.21535701,0.143919376
HGNC:5107,-3.58171454,-0.186400896,0.144260364
HGNC:14648,-3.58061522,-0.243377691,0.144304905
HGNC:18270,-3.579136152,-0.160104146,0.144437483
HGNC:24943,3.577232794,0.203499569,0.144773202
HGNC:30826,-3.576575798,-0.158961518,0.144820794
HGNC:25686,-3.575426204,-0.197558463,0.144886218
HGNC:29969,3.575065045,0.343268918,0.144886218
HGNC:26687,3.574940966,0.197438292,0.144886218
HGNC:26567,3.570887494,0.172856914,0.145514494
HGNC:26149,-3.569048282,-0.153619513,0.145631664
HGNC:17617,-3.569027024,-0.216358893,0.145631664
HGNC:16814,-3.568142747,-0.182607973,0.145631664
HGNC:24217,3.567070104,0.251659098,0.145777505
HGNC:7381,-3.565388213,-0.159562675,0.145956498
HGNC:16941,3.564930966,0.193044824,0.145956498
HGNC:24913,3.564680542,0.211687401,0.145956498
HGNC:10409,3.564517663,0.232597622,0.145956498
HGNC:10817,-3.563694711,-0.22280332,0.145964008
HGNC:11403,-3.562900942,-0.177329376,0.145964008
HGNC:52531,3.562318445,0.168209225,0.145964008
HGNC:26103,3.562152391,0.372756374,0.145964008
HGNC:14915,-3.557782958,-0.18000701,0.146701522
HGNC:30180,-3.556150606,-0.159897332,0.146813094
HGNC:28280,-3.555980691,-0.192369517,0.146813094
HGNC:15822,3.555082268,0.171282635,0.146920514
HGNC:10330,-3.554335266,-0.158915324,0.146980374
HGNC:12618,-3.553621932,-0.151660225,0.146980374
HGNC:21200,-3.553504335,-0.233034246,0.146980374
HGNC:4882,-3.552770414,-0.167081426,0.14704948
HGNC:37187,3.551534229,0.16352929,0.147237163
HGNC:15134,-3.551042344,-0.184022098,0.147249432
HGNC:11771,3.548985899,0.276867,0.147485287
HGNC:18714,3.54872609,0.23143666,0.147485287
HGNC:25712,3.547996228,0.152687791,0.147554168
HGNC:24061,3.544645063,0.253491729,0.147933195
HGNC:19181,3.54394907,0.150887085,0.147994663
HGNC:6482,-3.542175805,-0.162606189,0.148213828
HGNC:10895,3.541996172,0.159562902,0.148213828
HGNC:19975,3.541717506,0.149743218,0.148213828
HGNC:30488,-3.541169424,-0.203423281,0.148240568
HGNC:26643,3.540102405,0.283742567,0.148390843
HGNC:12856,3.538532587,0.178949017,0.148478531
HGNC:24640,3.537885724,0.19571398,0.148504863
HGNC:49915,3.533637725,0.15090479,0.148987826
HGNC:26252,3.533264896,0.384655572,0.148987826
HGNC:28764,3.532172365,0.233260125,0.149111622
HGNC:30916,3.53176148,0.268010724,0.149111622
HGNC:25380,-3.53129637,-0.170614794,0.149111622
HGNC:32339,3.531022365,0.233497795,0.149111622
HGNC:4004,3.53046942,0.214063758,0.149140939
HGNC:7751,-3.529991132,-0.169292728,0.149152464
HGNC:11853,-3.528604846,-0.25019082,0.149381622
HGNC:5112,-3.527977323,-0.184051615,0.149400696
HGNC:29036,3.52705288,0.193306932,0.149400696
HGNC:24714,3.526389189,0.148596281,0.149400696
HGNC:20944,-3.52625129,-0.18301335,0.149400696
HGNC:44123,-3.526115121,-0.164609261,0.149400696
HGNC:947,-3.525952983,-0.175118882,0.149400696
HGNC:27122,-3.525471417,-0.155984434,0.149405879
HGNC:43989,-3.52466632,-0.491886664,0.149405879
HGNC:6902,3.524649367,0.17579109,0.149405879
HGNC:44678,-3.523927237,-0.164922332,0.149476762
HGNC:12196,3.521337379,0.229639028,0.149996977
HGNC:3311,-3.520493289,-0.147068324,0.150097719
HGNC:3374,-3.519496624,-0.278340471,0.150115423
HGNC:15754,3.518883221,0.177016746,0.150115423
HGNC:30412,-3.518773458,-0.154174667,0.150115423
HGNC:6347,-3.518718774,-0.264901653,0.150115423
HGNC:20814,3.516321247,0.229729232,0.150489388
HGNC:28786,3.514035736,0.184433846,0.150632569
HGNC:41198,3.511548822,0.166116479,0.150999966
HGNC:2849,-3.511484227,-0.157436965,0.150999966
HGNC:29599,3.510919549,0.219225693,0.150999966
HGNC:24716,-3.510468067,-0.166832068,0.150999966
HGNC:19264,-3.509949512,-0.146855762,0.150999966
HGNC:13125,3.509837016,0.156582331,0.150999966
HGNC:1970,-3.508968271,-0.18048097,0.150999966
HGNC:27310,3.508481954,0.195522547,0.150999966
HGNC:2529,3.507979681,0.179008589,0.150999966
HGNC:19300,3.507621782,0.312331768,0.150999966
HGNC:14090,-3.507027524,-0.158876268,0.150999966
HGNC:4586,-3.506480279,-0.157635451,0.150999966
HGNC:26299,-3.506211931,-0.167155048,0.150999966
HGNC:21224,3.505111955,0.3160358,0.151096477
HGNC:6398,3.504978506,0.197097922,0.151096477
HGNC:34345,3.503005116,0.231213276,0.151271896
HGNC:3078,-3.501784593,-0.166040398,0.151467572
HGNC:22953,-3.500033712,-0.165479398,0.151793017
HGNC:24586,-3.497381912,-0.165293547,0.152175607
HGNC:23246,-3.496737657,-0.146618709,0.152175607
HGNC:30812,3.496390432,0.179068239,0.152175607
HGNC:25000,-3.496056604,-0.213295586,0.152175607
HGNC:26065,-3.495596285,-0.151611416,0.152175607
HGNC:19160,3.494249863,0.172113799,0.152175607
HGNC:28171,-3.494187707,-0.16710323,0.152175607
HGNC:18753,-3.493810327,-0.246688367,0.152175607
HGNC:25841,-3.49347377,-0.204554258,0.152175607
HGNC:14244,3.493138544,0.161601017,0.152175607
HGNC:24101,3.493097733,0.28760133,0.152175607
HGNC:2623,3.493083476,0.167055078,0.152175607
HGNC:37639,3.490919408,0.196535286,0.152253443
HGNC:24682,3.4907074,0.153613947,0.152253443
HGNC:25272,-3.489316864,-0.234959704,0.152493715
HGNC:29435,-3.488062635,-0.189569886,0.152700957
HGNC:14349,-3.486391062,-0.146817189,0.153011342
HGNC:18588,-3.484499448,-0.211324183,0.153376799
HGNC:244,-3.483014482,-0.169426851,0.153541404
HGNC:13175,3.481322096,0.150272916,0.153688134
HGNC:1974,3.481193427,0.185023009,0.153688134
HGNC:24349,-3.480637351,-0.159488095,0.153688134
HGNC:6075,-3.480321156,-0.198375504,0.153688134
HGNC:33821,-3.479971783,-0.185100963,0.153688134
HGNC:25971,3.479505628,0.14881919,0.153702709
HGNC:23225,3.478614315,0.147842781,0.153757318
HGNC:28037,-3.478471374,-0.149672045,0.153757318
HGNC:6142,-3.473960822,-0.197461779,0.154601236
HGNC:37496,3.473670344,0.183871204,0.154601236
HGNC:4173,-3.473044603,-0.208007055,0.154601236
HGNC:3818,3.471981446,0.145888772,0.154632444
HGNC:10784,3.470878295,0.227980854,0.154632444
HGNC:20352,3.470608218,0.329247844,0.154632444
HGNC:29868,-3.47036192,-0.226325997,0.154632444
HGNC:25744,3.469903995,0.154232677,0.154632444
HGNC:20923,3.469889873,0.196946138,0.154632444
HGNC:24013,3.469687378,0.245195164,0.154632444
HGNC:5401,3.468986937,0.263630474,0.154684345
HGNC:4130,3.468586462,0.242696842,0.154684345
HGNC:16170,-3.468002328,-0.203204581,0.154684345
HGNC:12948,3.467758884,0.195512043,0.154684345
HGNC:30278,-3.466427106,-0.213450869,0.154743813
HGNC:2230,3.465517441,0.169919665,0.154870795
HGNC:12616,3.465056846,0.416736017,0.154885782
HGNC:13012,-3.463331242,-0.168307145,0.155133752
HGNC:1815,3.46301736,0.167697183,0.155133752
HGNC:26232,-3.46242373,-0.150807833,0.155133752
HGNC:31793,-3.462128917,-0.200351553,0.155133752
HGNC:9504,-3.461377389,-0.188449312,0.155133752
HGNC:29911,3.46107767,0.19991907,0.155133752
HGNC:11168,-3.459158432,-0.225911352,0.155174402
HGNC:27319,3.459150028,0.234126189,0.155174402
HGNC:251,3.459116557,0.170655553,0.155174402
HGNC:31885,3.457819297,0.14259212,0.15539987
HGNC:20812,3.456109704,0.285064034,0.155631121
HGNC:25313,3.455862108,0.194613837,0.155631121
HGNC:23148,-3.455707961,-0.195103105,0.155631121
HGNC:1246,3.45505601,0.199039533,0.155692988
HGNC:6905,3.450936905,0.206769275,0.156433944
HGNC:49460,-3.45028723,-0.180729526,0.156452586
HGNC:8521,-3.449769128,-0.194732736,0.156452586
HGNC:24808,3.449618321,0.218665518,0.156452586
HGNC:25919,-3.44928533,-0.237982592,0.156452586
HGNC:33869,-3.448776599,-0.176261501,0.156481614
HGNC:688,-3.447382541,-0.223272705,0.156734523
HGNC:14583,3.446513744,0.217635277,0.156854885
HGNC:21556,-3.444836955,-0.154493323,0.1571529
HGNC:16626,-3.443715587,-0.163269475,0.157166129
HGNC:13841,-3.442407582,-0.236177706,0.157286657
HGNC:26258,3.441870997,0.189212127,0.157286657
HGNC:363,-3.44167777,-0.191198491,0.157286657
HGNC:16937,3.441674804,0.142692086,0.157286657
HGNC:2755,3.440889411,0.178153836,0.157386896
HGNC:8952,-3.439195132,-0.186463012,0.157718597
HGNC:26548,3.437582073,0.181157737,0.157930862
HGNC:4197,3.437079618,0.291851884,0.157959611
HGNC:25063,-3.435113,-0.181311016,0.15828034
HGNC:1051,-3.432748089,-0.201922913,0.158662449
HGNC:6925,-3.432386602,-0.211973219,0.158662449
HGNC:9024,-3.431439145,-0.169398007,0.158805895
HGNC:13805,-3.429147945,-0.170055466,0.158996208
HGNC:19162,-3.426968777,-0.161149271,0.159157656
HGNC:7598,-3.426735485,-0.164406746,0.159157656
HGNC:13386,3.426673589,0.230076935,0.159157656
HGNC:1190,3.426292422,0.145363678,0.159157656
HGNC:30792,3.425670451,0.24457961,0.159157656
HGNC:9778,-3.425064634,-0.208761648,0.159157656
HGNC:15858,3.425047318,0.273261764,0.159157656
HGNC:8740,3.423934241,0.155982677,0.159345194
HGNC:20347,-3.421956444,-0.190190737,0.159529088
HGNC:5472,-3.421409784,-0.245990795,0.159529088
HGNC:16864,3.421308632,0.142159543,0.159529088
HGNC:7394,-3.421301698,-0.164556661,0.159529088
HGNC:13583,-3.4206737,-0.159806485,0.159540812
HGNC:23527,-3.420490345,-0.150421284,0.159540812
HGNC:33412,-3.419093293,-0.220282113,0.159802744
HGNC:2288,3.411607855,0.176612714,0.16113159
HGNC:24750,-3.411347326,-0.218413133,0.16113159
HGNC:33865,3.410993089,0.165695771,0.16113159
HGNC:12468,3.41092253,0.237878965,0.16113159
HGNC:18151,3.410059982,0.144544456,0.161191733
HGNC:26765,3.409842233,0.3275791,0.161191733
HGNC:20399,3.409516189,0.206826958,0.161191733
HGNC:8766,-3.409030156,-0.169089553,0.161191733
HGNC:15476,3.407530575,0.170128999,0.161191733
HGNC:4312,3.406280811,0.174375167,0.161191733
HGNC:23160,3.406080503,0.215465254,0.161191733
HGNC:21035,-3.405843901,-0.188806388,0.161191733
HGNC:19024,3.405767879,0.289233056,0.161191733
HGNC:3986,3.405371568,0.170146347,0.161196749
HGNC:34348,-3.403438921,-0.1915808,0.161539792
HGNC:582,-3.402719575,-0.169899824,0.161539792
HGNC:4068,3.40246276,0.267434666,0.161539792
HGNC:18583,-3.402020316,-0.192207171,0.161539792
HGNC:3554,-3.401863424,-0.168500053,0.161539792
HGNC:17306,3.401410486,0.159337202,0.161539792
HGNC:13315,3.40107655,0.15644465,0.161539792
HGNC:11128,3.398800991,0.474973481,0.162022384
HGNC:2203,-3.398458437,-0.151202448,0.162022384
HGNC:6924,3.397703865,0.147056342,0.162122159
HGNC:11351,3.396920389,0.191695113,0.162229658
HGNC:8809,-3.396315907,-0.18753439,0.162290248
HGNC:16265,-3.395087114,-0.221241164,0.162385324
HGNC:14879,3.394886059,0.169349938,0.162385324
HGNC:18867,3.394834005,0.280486618,0.162385324
HGNC:17063,-3.394293896,-0.208729725,0.16239391
HGNC:9691,3.394055691,0.174485743,0.16239391
HGNC:19423,3.392830101,0.209488658,0.162520447
HGNC:23362,-3.390791829,-0.158100286,0.162851798
HGNC:7998,-3.390457535,-0.147766907,0.162851798
HGNC:27364,3.389314905,0.185739538,0.162990712
HGNC:30525,-3.389188941,-0.173311297,0.162990712
HGNC:5229,3.386859457,0.151705044,0.163312651
HGNC:44691,-3.385573325,-0.255522296,0.163555266
HGNC:9967,3.385038288,0.169748896,0.163572347
HGNC:19009,-3.384769462,-0.171943651,0.163572347
HGNC:29421,3.384080771,0.182759376,0.163657023
HGNC:29957,-3.382011284,-0.14399917,0.163777286
HGNC:12109,3.381347344,0.190383512,0.163777286
HGNC:18666,3.381022989,0.243210007,0.163777286
HGNC:3153,3.380009443,0.206041594,0.163777286
HGNC:11595,3.379973526,0.17361931,0.163777286
HGNC:20192,3.379813707,0.186778892,0.163777286
HGNC:10858,-3.378673317,-0.202595202,0.163777286
HGNC:28905,3.378627087,0.172058796,0.163777286
HGNC:44142,3.378305193,0.189696783,0.163777286
HGNC:13150,3.378001039,0.202967192,0.163777286
HGNC:10069,3.37742841,0.176749181,0.163777286
HGNC:5466,-3.377366822,-0.168608889,0.163777286
HGNC:37216,-3.377068705,-0.195938349,0.163777286
HGNC:468,3.37705591,0.197645269,0.163777286
HGNC:35450,-3.37701824,-0.143443096,0.163777286
HGNC:33395,-3.37315205,-0.247608258,0.16462131
HGNC:10774,3.373118686,0.166061758,0.16462131
HGNC:25465,-3.371222889,-0.188932223,0.164766729
HGNC:20229,-3.370754002,-0.183651388,0.164766729
HGNC:7049,-3.370327686,-0.176652384,0.164783549
HGNC:21332,-3.369487832,-0.240266372,0.164911022
HGNC:12666,-3.368925448,-0.13749436,0.164964391
HGNC:27616,3.368297278,0.409281887,0.165035451
HGNC:10668,-3.365735739,-0.170055381,0.165625338
HGNC:37116,3.365012998,0.159584482,0.165722261
HGNC:30522,-3.363971686,-0.187791384,0.165905051
HGNC:6490,-3.362150152,-0.155816158,0.166210859
HGNC:9670,-3.36211368,-0.199752036,0.166210859
HGNC:8634,-3.360552877,-0.140790231,0.166534769
HGNC:17717,-3.35917087,-0.169266459,0.166555914
HGNC:8770,3.35903187,0.160885034,0.166555914
HGNC:28385,-3.357764978,-0.175942545,0.166635265
HGNC:30621,3.357669042,0.200860483,0.166635265
HGNC:9650,-3.356740473,-0.146884043,0.166720139
HGNC:20870,-3.356626258,-0.139980564,0.166720139
HGNC:23227,3.3551444,0.184486129,0.166914809
HGNC:24321,-3.354835137,-0.203239019,0.166914809
HGNC:29915,3.354816333,0.172050759,0.166914809
HGNC:28674,-3.354472662,-0.235260962,0.166914809
HGNC:13954,3.353361221,0.16246875,0.167119098
HGNC:13617,3.351487038,0.159816261,0.167433815
HGNC:12975,3.350439086,0.270160315,0.16762168
HGNC:7837,-3.348684025,-0.195068862,0.167905284
HGNC:16469,3.34602027,0.159947214,0.168438108
HGNC:12710,3.345435519,0.198890541,0.168500628
HGNC:13480,-3.345027585,-0.171676216,0.168514819
HGNC:16105,3.343727878,0.347012856,0.168773429
HGNC:9554,3.343126115,0.14247485,0.168840151
HGNC:32466,3.342702291,0.156597145,0.168840151
HGNC:33099,3.341911023,0.136595993,0.168840151
HGNC:28254,3.341755742,0.271274946,0.168840151
HGNC:7441,-3.341475287,-0.135664847,0.168840151
HGNC:30587,3.341353918,0.209535382,0.168840151
HGNC:14966,-3.34055807,-0.201781494,0.168961326
HGNC:8925,-3.339424833,-0.152266404,0.169078109
HGNC:23480,-3.337715619,-0.165276904,0.169206768
HGNC:16119,3.337549264,0.188742201,0.169206768
HGNC:5187,-3.337529691,-0.177481224,0.169206768
HGNC:30806,3.336908067,0.193182166,0.169206768
HGNC:25772,3.335484411,0.157868178,0.169206768
HGNC:13433,-3.335448429,-0.141702316,0.169206768
HGNC:2193,-3.335441351,-0.1542163,0.169206768
HGNC:8565,3.333800175,0.139557051,0.169206768
HGNC:29125,3.33337326,0.196620803,0.169206768
HGNC:16915,-3.333089716,-0.196778687,0.169206768
HGNC:12953,3.333005413,0.194406185,0.169206768
HGNC:26910,-3.332258576,-0.14596862,0.169206768
HGNC:1185,3.331879135,0.146963443,0.169206768
HGNC:1293,-3.33130412,-0.155122249,0.169206768
HGNC:23994,-3.331296423,-0.142268335,0.169206768
HGNC:11617,3.331208231,0.138572929,0.169206768
HGNC:2394,3.33119505,0.161921571,0.169206768
HGNC:4017,3.330910214,0.240177269,0.169206768
HGNC:37281,3.330457485,0.331398048,0.169206768
HGNC:28013,-3.330176729,-0.199135047,0.169206768
HGNC:18053,-3.32937149,-0.14496175,0.169332488
HGNC:14747,-3.327368742,-0.154454287,0.169405015
HGNC:1762,3.326877473,0.32529309,0.169444694
HGNC:5398,3.326341138,0.144334472,0.169496865
HGNC:4139,-3.323086315,-0.139167448,0.170246327
HGNC:37931,-3.322700827,-0.152269883,0.170246327
HGNC:16157,3.322425836,0.297293568,0.170246327
HGNC:29277,3.322048398,0.195737368,0.170246327
HGNC:19828,3.321588774,0.353200948,0.170246327
HGNC:23802,3.321551038,0.184624373,0.170246327
HGNC:29319,-3.320624562,-0.165273776,0.170407305
HGNC:28801,-3.319683209,-0.157983326,0.170572633
HGNC:26874,-3.318871443,-0.221261231,0.170598094
HGNC:4714,-3.318285758,-0.150831906,0.170598094
HGNC:30443,3.317867676,0.233661465,0.170598094
HGNC:33877,-3.315832643,-0.159649364,0.170972462
HGNC:33545,-3.314647378,-0.17476859,0.171093226
HGNC:3224,-3.314146336,-0.145093738,0.171093226
HGNC:9008,-3.314025103,-0.217726913,0.171093226
HGNC:25660,-3.312944338,-0.146185954,0.17114551
HGNC:24477,3.312809205,0.199707052,0.17114551
HGNC:5244,-3.311603686,-0.159848561,0.171386169
HGNC:20273,3.310592163,0.190949909,0.171573046
HGNC:30689,-3.30890423,-0.170447373,0.171674269
HGNC:861,3.307766967,0.155604918,0.171806642
HGNC:25727,3.307270154,0.209852372,0.171806642
HGNC:19331,-3.306956582,-0.181170199,0.171806642
HGNC:3494,-3.306877973,-0.1530893,0.171806642
HGNC:3987,3.306293241,0.155612119,0.171806642
HGNC:49565,-3.306187044,-0.22405551,0.171806642
HGNC:215,3.306006494,0.358757047,0.171806642
HGNC:8524,3.304412755,0.380719474,0.171985588
HGNC:18596,3.304111383,0.172891445,0.171985588
HGNC:4171,3.304047877,0.158237846,0.171985588
HGNC:4756,3.303872133,0.156627781,0.171985588
HGNC:19006,3.30349641,0.137932598,0.171985588
HGNC:8752,3.303331845,0.159773358,0.171985588
HGNC:23592,3.30236461,0.531042148,0.172161789
HGNC:618,3.301979344,0.142446462,0.172174946
HGNC:21628,3.301344026,0.305611736,0.172258307
HGNC:41046,-3.299707652,-0.177978637,0.172623042
HGNC:23515,3.299175292,0.140954432,0.172645806
HGNC:30541,3.298951428,0.171609896,0.172645806
HGNC:3170,3.297514286,0.26709886,0.172860453
HGNC:12739,3.295314373,0.161556664,0.173064273
HGNC:3656,-3.295237302,-0.199905735,0.173064273
HGNC:11362,3.294658567,0.385878764,0.173064273
HGNC:14959,3.294499784,0.171699923,0.173064273
HGNC:17648,3.293834481,0.22215005,0.173139418
HGNC:18591,-3.292046591,-0.140144319,0.173195278
HGNC:15719,3.292035636,0.148793303,0.173195278
HGNC:28532,3.29106151,0.138895404,0.173195278
HGNC:6499,3.291058643,0.144836526,0.173195278
HGNC:15940,-3.290512435,-0.154257935,0.173195278
HGNC:30373,-3.290157935,-0.170031649,0.173195278
HGNC:29377,-3.289720076,-0.202826057,0.173195278
HGNC:44003,3.28935545,0.155249372,0.173195278
HGNC:6248,-3.287359336,-0.175188985,0.173647248
HGNC:17211,3.286952603,0.19523544,0.173647326
HGNC:51153,3.285903393,0.244002097,0.173716228
HGNC:12305,3.285470104,0.176163073,0.173716228
HGNC:2459,3.285298262,0.156292353,0.173716228
HGNC:21186,3.285122128,0.162721542,0.173716228
HGNC:25069,-3.283233053,-0.194205907,0.174012728
HGNC:20338,3.283050673,0.14399509,0.174012728
HGNC:15755,3.282220801,0.157416685,0.174069293
HGNC:7437,-3.280099385,-0.145015864,0.174165745
HGNC:27886,3.280097499,0.250793627,0.174165745
HGNC:12485,3.279613761,0.157190972,0.174165745
HGNC:5246,3.27947877,0.146157711,0.174165745
HGNC:28506,-3.279183811,-0.141592148,0.174165745
HGNC:31252,3.279154686,0.212627933,0.174165745
HGNC:15874,3.27878811,0.140721205,0.174165745
HGNC:26899,3.278762715,0.157327771,0.174165745
HGNC:9385,-3.27858281,-0.250490905,0.174165745
HGNC:28814,-3.276658266,-0.171261467,0.174605405
HGNC:26976,-3.276379742,-0.159651749,0.174605405
HGNC:11184,-3.272089865,-0.182339158,0.175397139
HGNC:550,3.271883576,0.600709605,0.175397139
HGNC:7977,-3.27164112,-0.150280718,0.175397139
HGNC:2303,3.271639031,0.154338487,0.175397139
HGNC:8860,-3.270217079,-0.134561855,0.175461535
HGNC:23657,-3.270106022,-0.189441077,0.175461535
HGNC:11495,-3.268993041,-0.205377951,0.175634624
HGNC:13498,3.268159802,0.14090527,0.175634624
HGNC:23583,-3.267963993,-0.141676333,0.175634624
HGNC:29024,-3.267373514,-0.148400048,0.175634624
HGNC:14587,3.267250493,0.163488128,0.175634624
HGNC:3473,3.267011972,0.146013131,0.175634624
HGNC:21727,-3.26683182,-0.201729068,0.175634624
HGNC:8065,3.26646144,0.151034933,0.175634624
HGNC:20856,3.266408974,0.289265654,0.175634624
HGNC:14914,-3.266244392,-0.135902771,0.175634624
HGNC:29845,-3.263588607,-0.154176967,0.176157309
HGNC:23297,-3.2635029,-0.20122615,0.176157309
HGNC:20308,3.263251698,0.17703096,0.176157309
HGNC:10001,3.262856742,0.153347222,0.176157309
HGNC:14405,-3.262478228,-0.134283333,0.176157309
HGNC:21574,-3.261534366,-0.151896963,0.176335768
HGNC:29605,-3.259843728,-0.185922283,0.176560879
HGNC:20664,-3.259783118,-0.17791521,0.176560879
HGNC:26486,3.257834838,0.146853824,0.176843659
HGNC:17037,-3.257469321,-0.220268275,0.176856116
HGNC:32562,3.256715637,0.182033836,0.176980779
HGNC:15763,3.255716716,0.206925635,0.177083431
HGNC:14888,-3.255007757,-0.154957702,0.177195478
HGNC:18737,-3.254055161,-0.152819242,0.177378225
HGNC:19677,3.253168676,0.274075819,0.177480996
HGNC:3702,-3.253058124,-0.229700566,0.177480996
HGNC:1065,3.251106651,0.232621353,0.177708944
HGNC:1364,3.251080888,0.201358044,0.177708944
HGNC:28912,-3.250989669,-0.144168127,0.177708944
HGNC:26022,3.25060733,0.137519008,0.177726974
HGNC:13008,3.249030726,0.159786164,0.178092197
HGNC:1382,-3.248169656,-0.145953993,0.178249744
HGNC:9381,3.247115047,0.146889268,0.178370774
HGNC:26388,-3.245912184,-0.180801232,0.178628477
HGNC:19081,-3.244942011,-0.165565847,0.178818615
HGNC:24500,3.243972957,0.203021464,0.178987421
HGNC:25873,-3.243351294,-0.159874339,0.179004093
HGNC:10891,-3.242360916,-0.159372456,0.179200784
HGNC:29938,3.241914106,0.152424654,0.179238441
HGNC:26625,3.24142605,0.135828007,0.179288244
HGNC:1727,3.240619138,0.152996509,0.179422523
HGNC:26752,3.239606268,0.142195178,0.179422523
HGNC:26291,-3.237812387,-0.154949824,0.179754543
HGNC:26220,3.237615394,0.178083431,0.179754543
HGNC:6781,3.237201505,0.14472199,0.17978311
HGNC:17515,-3.236781844,-0.199572575,0.17981343
HGNC:18601,-3.234849148,-0.168301021,0.179949599
HGNC:12657,-3.234702751,-0.145578865,0.179949599
HGNC:14455,-3.234616612,-0.131840683,0.179949599
HGNC:8086,3.23442334,0.159646966,0.179949599
HGNC:674,-3.233454921,-0.154948405,0.179996033
HGNC:8088,3.233320086,0.290372874,0.179996033
HGNC:10596,-3.232818507,-0.189160609,0.180051012
HGNC:10401,3.231572119,0.141378733,0.180325564
HGNC:25331,3.230751268,0.270671528,0.180365611
HGNC:11123,-3.230542305,-0.161681464,0.180365611
HGNC:20182,3.230493448,0.140916844,0.180365611
HGNC:30619,-3.229473968,-0.173308645,0.180573853
HGNC:4727,-3.227728927,-0.155500824,0.180797878
HGNC:14313,3.227525348,0.155337932,0.180797878
HGNC:25890,-3.227372267,-0.145374091,0.180797878
HGNC:11648,3.227148721,0.15425962,0.180797878
HGNC:25470,-3.226686581,-0.202920167,0.180842009
HGNC:6327,3.225544766,0.25760333,0.180902367
HGNC:20656,3.224536304,0.181636481,0.181086925
HGNC:6155,-3.224297094,-0.134402826,0.181086925
HGNC:20220,3.223025379,0.16867542,0.181279017
HGNC:8075,-3.221703942,-0.193691724,0.181378757
HGNC:1378,-3.221507881,-0.140602523,0.181378757
HGNC:25018,-3.220362651,-0.138349717,0.181534798
HGNC:1845,-3.219812689,-0.161869141,0.181534798
HGNC:29023,-3.219802633,-0.15661044,0.181534798
HGNC:31804,3.21967555,0.225926269,0.181534798
